{"cameraMode":{"drawMode":0,"name":"Shaded","section":"Shading Mode"},"sceneLighting":true,"audioPlay":false,"sceneViewState":{"m_AlwaysRefresh":false,"showFog":true,"showSkybox":true,"showFlares":true,"showImageEffects":true,"showParticleSystems":true,"showVisualEffectGraphs":true,"m_FxEnabled":true},"in2DMode":false,"pivot":{"x":0.6097174286842346,"y":-2.3568928241729738,"z":2.4920384883880617},"rotation":{"x":0.3018637001514435,"y":0.32586151361465456,"z":-0.11063507199287415,"w":0.889083743095398},"size":5.519062519073486,"orthographic":false}