{"cameraMode":{"drawMode":0,"name":"Shaded","section":"Shading Mode"},"sceneLighting":false,"audioPlay":false,"sceneViewState":{"m_AlwaysRefresh":false,"showFog":true,"showSkybox":false,"showFlares":true,"showImageEffects":true,"showParticleSystems":true,"showVisualEffectGraphs":true,"m_FxEnabled":false},"in2DMode":false,"pivot":{"x":-0.24602098762989045,"y":-0.14572551846504212,"z":-0.6065465807914734},"rotation":{"x":-0.00675160763785243,"y":0.970520555973053,"z":-0.2393648773431778,"w":-0.027375174686312677},"size":5.049752235412598,"orthographic":false}